,Node1,Node2,Strength
0,epiGTBN-ReliefF_filtered_corrected,casmap-region-gwas-rec_filtered_corrected,0
1,epiGTBN-ReliefF_filtered_corrected,episcan_filtered_corrected,0
2,epiGTBN-ReliefF_filtered_corrected,antEpiSeeker_filtered_corrected,0
3,epiGTBN-ReliefF_filtered_corrected,NNweights_filtered_corrected,0
4,epiGTBN-ReliefF_filtered_corrected,plink-linearRegression-Hector_filtered_corrected,0
5,epiGTBN-ReliefF_filtered_corrected,epiHSIC_filtered_corrected,0
6,epiGTBN-ReliefF_filtered_corrected,plink-LR_filtered_corrected,10
7,epiGTBN-ReliefF_filtered_corrected,lightGBM_filtered_corrected,0
8,epiGTBN-ReliefF_filtered_corrected,mbmdr-gammaMaxt-lowerOrder_filtered_corrected,0
9,epiGTBN-ReliefF_filtered_corrected,epiGTBN-Episcan_filtered_corrected,12
10,epiGTBN-ReliefF_filtered_corrected,mbmdr-gammaMaxt_filtered_corrected,11
11,epiGTBN-ReliefF_filtered_corrected,epiGTBN-ReliefF_filtered_uncorrected,15
12,epiGTBN-ReliefF_filtered_corrected,episcan-notCorrected_filtered_uncorrected,0
13,epiGTBN-ReliefF_filtered_corrected,plink-boost_filtered_uncorrected,3
14,epiGTBN-ReliefF_filtered_corrected,NNweights_filtered_uncorrected,0
15,epiGTBN-ReliefF_filtered_corrected,lightGBM_filtered_uncorrected,0
16,epiGTBN-ReliefF_filtered_corrected,epiGTBN-Episcan_filtered_uncorrected,13
17,epiGTBN-ReliefF_filtered_corrected,epiGTBN-ReliefF_unfiltered_corrected,1
18,epiGTBN-ReliefF_filtered_corrected,episcan_unfiltered_corrected,0
19,epiGTBN-ReliefF_filtered_corrected,antEpiSeeker_unfiltered_corrected,0
20,epiGTBN-ReliefF_filtered_corrected,plink-linearRegression_unfiltered_corrected,10
21,epiGTBN-ReliefF_filtered_corrected,NNweights_unfiltered_corrected,0
22,epiGTBN-ReliefF_filtered_corrected,epiHSIC_unfiltered_corrected,0
23,epiGTBN-ReliefF_filtered_corrected,lightGBM_unfiltered_corrected,0
24,epiGTBN-ReliefF_filtered_corrected,mbmdr-gammaMaxt-lowerOrder_unfiltered_corrected,0
25,epiGTBN-ReliefF_filtered_corrected,epiGTBN-Episcan_unfiltered_corrected,15
26,epiGTBN-ReliefF_filtered_corrected,mbmdr-gammaMaxt_unfiltered_corrected,10
27,epiGTBN-ReliefF_filtered_corrected,epiGTBN-ReliefF_unfiltered_uncorrected,6
28,epiGTBN-ReliefF_filtered_corrected,episcan_unfiltered_uncorrected,9
29,epiGTBN-ReliefF_filtered_corrected,plink-boost_unfiltered_uncorrected,2
30,epiGTBN-ReliefF_filtered_corrected,NNweights_unfiltered_uncorrected,0
31,epiGTBN-ReliefF_filtered_corrected,lightGBM_unfiltered_uncorrected,0
32,epiGTBN-ReliefF_filtered_corrected,epiGTBN-Episcan_unfiltered_uncorrected,14
33,casmap-region-gwas-rec_filtered_corrected,episcan_filtered_corrected,2
34,casmap-region-gwas-rec_filtered_corrected,antEpiSeeker_filtered_corrected,0
35,casmap-region-gwas-rec_filtered_corrected,NNweights_filtered_corrected,0
36,casmap-region-gwas-rec_filtered_corrected,plink-linearRegression-Hector_filtered_corrected,0
37,casmap-region-gwas-rec_filtered_corrected,epiHSIC_filtered_corrected,0
38,casmap-region-gwas-rec_filtered_corrected,plink-LR_filtered_corrected,0
39,casmap-region-gwas-rec_filtered_corrected,lightGBM_filtered_corrected,0
40,casmap-region-gwas-rec_filtered_corrected,mbmdr-gammaMaxt-lowerOrder_filtered_corrected,0
41,casmap-region-gwas-rec_filtered_corrected,epiGTBN-Episcan_filtered_corrected,0
42,casmap-region-gwas-rec_filtered_corrected,mbmdr-gammaMaxt_filtered_corrected,0
43,casmap-region-gwas-rec_filtered_corrected,epiGTBN-ReliefF_filtered_uncorrected,0
44,casmap-region-gwas-rec_filtered_corrected,episcan-notCorrected_filtered_uncorrected,2
45,casmap-region-gwas-rec_filtered_corrected,plink-boost_filtered_uncorrected,1
46,casmap-region-gwas-rec_filtered_corrected,NNweights_filtered_uncorrected,0
47,casmap-region-gwas-rec_filtered_corrected,lightGBM_filtered_uncorrected,0
48,casmap-region-gwas-rec_filtered_corrected,epiGTBN-Episcan_filtered_uncorrected,0
49,casmap-region-gwas-rec_filtered_corrected,epiGTBN-ReliefF_unfiltered_corrected,0
50,casmap-region-gwas-rec_filtered_corrected,episcan_unfiltered_corrected,1
51,casmap-region-gwas-rec_filtered_corrected,antEpiSeeker_unfiltered_corrected,0
52,casmap-region-gwas-rec_filtered_corrected,plink-linearRegression_unfiltered_corrected,0
53,casmap-region-gwas-rec_filtered_corrected,NNweights_unfiltered_corrected,0
54,casmap-region-gwas-rec_filtered_corrected,epiHSIC_unfiltered_corrected,0
55,casmap-region-gwas-rec_filtered_corrected,lightGBM_unfiltered_corrected,0
56,casmap-region-gwas-rec_filtered_corrected,mbmdr-gammaMaxt-lowerOrder_unfiltered_corrected,0
57,casmap-region-gwas-rec_filtered_corrected,epiGTBN-Episcan_unfiltered_corrected,0
58,casmap-region-gwas-rec_filtered_corrected,mbmdr-gammaMaxt_unfiltered_corrected,0
59,casmap-region-gwas-rec_filtered_corrected,epiGTBN-ReliefF_unfiltered_uncorrected,0
60,casmap-region-gwas-rec_filtered_corrected,episcan_unfiltered_uncorrected,0
61,casmap-region-gwas-rec_filtered_corrected,plink-boost_unfiltered_uncorrected,1
62,casmap-region-gwas-rec_filtered_corrected,NNweights_unfiltered_uncorrected,0
63,casmap-region-gwas-rec_filtered_corrected,lightGBM_unfiltered_uncorrected,0
64,casmap-region-gwas-rec_filtered_corrected,epiGTBN-Episcan_unfiltered_uncorrected,0
65,episcan_filtered_corrected,antEpiSeeker_filtered_corrected,3
66,episcan_filtered_corrected,NNweights_filtered_corrected,0
67,episcan_filtered_corrected,plink-linearRegression-Hector_filtered_corrected,0
68,episcan_filtered_corrected,epiHSIC_filtered_corrected,3
69,episcan_filtered_corrected,plink-LR_filtered_corrected,52
70,episcan_filtered_corrected,lightGBM_filtered_corrected,2
71,episcan_filtered_corrected,mbmdr-gammaMaxt-lowerOrder_filtered_corrected,0
72,episcan_filtered_corrected,epiGTBN-Episcan_filtered_corrected,2
73,episcan_filtered_corrected,mbmdr-gammaMaxt_filtered_corrected,76
74,episcan_filtered_corrected,epiGTBN-ReliefF_filtered_uncorrected,1
75,episcan_filtered_corrected,episcan-notCorrected_filtered_uncorrected,273
76,episcan_filtered_corrected,plink-boost_filtered_uncorrected,16
77,episcan_filtered_corrected,NNweights_filtered_uncorrected,0
78,episcan_filtered_corrected,lightGBM_filtered_uncorrected,2
79,episcan_filtered_corrected,epiGTBN-Episcan_filtered_uncorrected,2
80,episcan_filtered_corrected,epiGTBN-ReliefF_unfiltered_corrected,0
81,episcan_filtered_corrected,episcan_unfiltered_corrected,343
82,episcan_filtered_corrected,antEpiSeeker_unfiltered_corrected,1
83,episcan_filtered_corrected,plink-linearRegression_unfiltered_corrected,50
84,episcan_filtered_corrected,NNweights_unfiltered_corrected,0
85,episcan_filtered_corrected,epiHSIC_unfiltered_corrected,3
86,episcan_filtered_corrected,lightGBM_unfiltered_corrected,3
87,episcan_filtered_corrected,mbmdr-gammaMaxt-lowerOrder_unfiltered_corrected,0
88,episcan_filtered_corrected,epiGTBN-Episcan_unfiltered_corrected,2
89,episcan_filtered_corrected,mbmdr-gammaMaxt_unfiltered_corrected,70
90,episcan_filtered_corrected,epiGTBN-ReliefF_unfiltered_uncorrected,0
91,episcan_filtered_corrected,episcan_unfiltered_uncorrected,0
92,episcan_filtered_corrected,plink-boost_unfiltered_uncorrected,13
93,episcan_filtered_corrected,NNweights_unfiltered_uncorrected,0
94,episcan_filtered_corrected,lightGBM_unfiltered_uncorrected,3
95,episcan_filtered_corrected,epiGTBN-Episcan_unfiltered_uncorrected,3
96,antEpiSeeker_filtered_corrected,NNweights_filtered_corrected,0
97,antEpiSeeker_filtered_corrected,plink-linearRegression-Hector_filtered_corrected,0
98,antEpiSeeker_filtered_corrected,epiHSIC_filtered_corrected,0
99,antEpiSeeker_filtered_corrected,plink-LR_filtered_corrected,3
100,antEpiSeeker_filtered_corrected,lightGBM_filtered_corrected,1
101,antEpiSeeker_filtered_corrected,mbmdr-gammaMaxt-lowerOrder_filtered_corrected,0
102,antEpiSeeker_filtered_corrected,epiGTBN-Episcan_filtered_corrected,0
103,antEpiSeeker_filtered_corrected,mbmdr-gammaMaxt_filtered_corrected,4
104,antEpiSeeker_filtered_corrected,epiGTBN-ReliefF_filtered_uncorrected,0
105,antEpiSeeker_filtered_corrected,episcan-notCorrected_filtered_uncorrected,2
106,antEpiSeeker_filtered_corrected,plink-boost_filtered_uncorrected,1
107,antEpiSeeker_filtered_corrected,NNweights_filtered_uncorrected,0
108,antEpiSeeker_filtered_corrected,lightGBM_filtered_uncorrected,3
109,antEpiSeeker_filtered_corrected,epiGTBN-Episcan_filtered_uncorrected,0
110,antEpiSeeker_filtered_corrected,epiGTBN-ReliefF_unfiltered_corrected,0
111,antEpiSeeker_filtered_corrected,episcan_unfiltered_corrected,2
112,antEpiSeeker_filtered_corrected,antEpiSeeker_unfiltered_corrected,4
113,antEpiSeeker_filtered_corrected,plink-linearRegression_unfiltered_corrected,1
114,antEpiSeeker_filtered_corrected,NNweights_unfiltered_corrected,0
115,antEpiSeeker_filtered_corrected,epiHSIC_unfiltered_corrected,0
116,antEpiSeeker_filtered_corrected,lightGBM_unfiltered_corrected,1
117,antEpiSeeker_filtered_corrected,mbmdr-gammaMaxt-lowerOrder_unfiltered_corrected,0
118,antEpiSeeker_filtered_corrected,epiGTBN-Episcan_unfiltered_corrected,0
119,antEpiSeeker_filtered_corrected,mbmdr-gammaMaxt_unfiltered_corrected,3
120,antEpiSeeker_filtered_corrected,epiGTBN-ReliefF_unfiltered_uncorrected,0
121,antEpiSeeker_filtered_corrected,episcan_unfiltered_uncorrected,2
122,antEpiSeeker_filtered_corrected,plink-boost_unfiltered_uncorrected,1
123,antEpiSeeker_filtered_corrected,NNweights_unfiltered_uncorrected,0
124,antEpiSeeker_filtered_corrected,lightGBM_unfiltered_uncorrected,2
125,antEpiSeeker_filtered_corrected,epiGTBN-Episcan_unfiltered_uncorrected,0
126,NNweights_filtered_corrected,plink-linearRegression-Hector_filtered_corrected,0
127,NNweights_filtered_corrected,epiHSIC_filtered_corrected,0
128,NNweights_filtered_corrected,plink-LR_filtered_corrected,0
129,NNweights_filtered_corrected,lightGBM_filtered_corrected,1
130,NNweights_filtered_corrected,mbmdr-gammaMaxt-lowerOrder_filtered_corrected,3
131,NNweights_filtered_corrected,epiGTBN-Episcan_filtered_corrected,0
132,NNweights_filtered_corrected,mbmdr-gammaMaxt_filtered_corrected,0
133,NNweights_filtered_corrected,epiGTBN-ReliefF_filtered_uncorrected,0
134,NNweights_filtered_corrected,episcan-notCorrected_filtered_uncorrected,0
135,NNweights_filtered_corrected,plink-boost_filtered_uncorrected,0
136,NNweights_filtered_corrected,NNweights_filtered_uncorrected,200
137,NNweights_filtered_corrected,lightGBM_filtered_uncorrected,1
138,NNweights_filtered_corrected,epiGTBN-Episcan_filtered_uncorrected,0
139,NNweights_filtered_corrected,epiGTBN-ReliefF_unfiltered_corrected,0
140,NNweights_filtered_corrected,episcan_unfiltered_corrected,0
141,NNweights_filtered_corrected,antEpiSeeker_unfiltered_corrected,0
142,NNweights_filtered_corrected,plink-linearRegression_unfiltered_corrected,0
143,NNweights_filtered_corrected,NNweights_unfiltered_corrected,0
144,NNweights_filtered_corrected,epiHSIC_unfiltered_corrected,0
145,NNweights_filtered_corrected,lightGBM_unfiltered_corrected,1
146,NNweights_filtered_corrected,mbmdr-gammaMaxt-lowerOrder_unfiltered_corrected,2
147,NNweights_filtered_corrected,epiGTBN-Episcan_unfiltered_corrected,0
148,NNweights_filtered_corrected,mbmdr-gammaMaxt_unfiltered_corrected,0
149,NNweights_filtered_corrected,epiGTBN-ReliefF_unfiltered_uncorrected,0
150,NNweights_filtered_corrected,episcan_unfiltered_uncorrected,1
151,NNweights_filtered_corrected,plink-boost_unfiltered_uncorrected,0
152,NNweights_filtered_corrected,NNweights_unfiltered_uncorrected,0
153,NNweights_filtered_corrected,lightGBM_unfiltered_uncorrected,1
154,NNweights_filtered_corrected,epiGTBN-Episcan_unfiltered_uncorrected,0
155,plink-linearRegression-Hector_filtered_corrected,epiHSIC_filtered_corrected,0
156,plink-linearRegression-Hector_filtered_corrected,plink-LR_filtered_corrected,9
157,plink-linearRegression-Hector_filtered_corrected,lightGBM_filtered_corrected,0
158,plink-linearRegression-Hector_filtered_corrected,mbmdr-gammaMaxt-lowerOrder_filtered_corrected,0
159,plink-linearRegression-Hector_filtered_corrected,epiGTBN-Episcan_filtered_corrected,0
160,plink-linearRegression-Hector_filtered_corrected,mbmdr-gammaMaxt_filtered_corrected,1
161,plink-linearRegression-Hector_filtered_corrected,epiGTBN-ReliefF_filtered_uncorrected,0
162,plink-linearRegression-Hector_filtered_corrected,episcan-notCorrected_filtered_uncorrected,0
163,plink-linearRegression-Hector_filtered_corrected,plink-boost_filtered_uncorrected,0
164,plink-linearRegression-Hector_filtered_corrected,NNweights_filtered_uncorrected,0
165,plink-linearRegression-Hector_filtered_corrected,lightGBM_filtered_uncorrected,0
166,plink-linearRegression-Hector_filtered_corrected,epiGTBN-Episcan_filtered_uncorrected,2
167,plink-linearRegression-Hector_filtered_corrected,epiGTBN-ReliefF_unfiltered_corrected,0
168,plink-linearRegression-Hector_filtered_corrected,episcan_unfiltered_corrected,0
169,plink-linearRegression-Hector_filtered_corrected,antEpiSeeker_unfiltered_corrected,0
170,plink-linearRegression-Hector_filtered_corrected,plink-linearRegression_unfiltered_corrected,6
171,plink-linearRegression-Hector_filtered_corrected,NNweights_unfiltered_corrected,0
172,plink-linearRegression-Hector_filtered_corrected,epiHSIC_unfiltered_corrected,0
173,plink-linearRegression-Hector_filtered_corrected,lightGBM_unfiltered_corrected,0
174,plink-linearRegression-Hector_filtered_corrected,mbmdr-gammaMaxt-lowerOrder_unfiltered_corrected,0
175,plink-linearRegression-Hector_filtered_corrected,epiGTBN-Episcan_unfiltered_corrected,0
176,plink-linearRegression-Hector_filtered_corrected,mbmdr-gammaMaxt_unfiltered_corrected,0
177,plink-linearRegression-Hector_filtered_corrected,epiGTBN-ReliefF_unfiltered_uncorrected,0
178,plink-linearRegression-Hector_filtered_corrected,episcan_unfiltered_uncorrected,0
179,plink-linearRegression-Hector_filtered_corrected,plink-boost_unfiltered_uncorrected,0
180,plink-linearRegression-Hector_filtered_corrected,NNweights_unfiltered_uncorrected,0
181,plink-linearRegression-Hector_filtered_corrected,lightGBM_unfiltered_uncorrected,0
182,plink-linearRegression-Hector_filtered_corrected,epiGTBN-Episcan_unfiltered_uncorrected,1
183,epiHSIC_filtered_corrected,plink-LR_filtered_corrected,4
184,epiHSIC_filtered_corrected,lightGBM_filtered_corrected,0
185,epiHSIC_filtered_corrected,mbmdr-gammaMaxt-lowerOrder_filtered_corrected,0
186,epiHSIC_filtered_corrected,epiGTBN-Episcan_filtered_corrected,0
187,epiHSIC_filtered_corrected,mbmdr-gammaMaxt_filtered_corrected,2
188,epiHSIC_filtered_corrected,epiGTBN-ReliefF_filtered_uncorrected,0
189,epiHSIC_filtered_corrected,episcan-notCorrected_filtered_uncorrected,4
190,epiHSIC_filtered_corrected,plink-boost_filtered_uncorrected,0
191,epiHSIC_filtered_corrected,NNweights_filtered_uncorrected,0
192,epiHSIC_filtered_corrected,lightGBM_filtered_uncorrected,0
193,epiHSIC_filtered_corrected,epiGTBN-Episcan_filtered_uncorrected,0
194,epiHSIC_filtered_corrected,epiGTBN-ReliefF_unfiltered_corrected,0
195,epiHSIC_filtered_corrected,episcan_unfiltered_corrected,2
196,epiHSIC_filtered_corrected,antEpiSeeker_unfiltered_corrected,0
197,epiHSIC_filtered_corrected,plink-linearRegression_unfiltered_corrected,4
198,epiHSIC_filtered_corrected,NNweights_unfiltered_corrected,0
199,epiHSIC_filtered_corrected,epiHSIC_unfiltered_corrected,25
200,epiHSIC_filtered_corrected,lightGBM_unfiltered_corrected,0
201,epiHSIC_filtered_corrected,mbmdr-gammaMaxt-lowerOrder_unfiltered_corrected,0
202,epiHSIC_filtered_corrected,epiGTBN-Episcan_unfiltered_corrected,0
203,epiHSIC_filtered_corrected,mbmdr-gammaMaxt_unfiltered_corrected,1
204,epiHSIC_filtered_corrected,epiGTBN-ReliefF_unfiltered_uncorrected,0
205,epiHSIC_filtered_corrected,episcan_unfiltered_uncorrected,0
206,epiHSIC_filtered_corrected,plink-boost_unfiltered_uncorrected,0
207,epiHSIC_filtered_corrected,NNweights_unfiltered_uncorrected,0
208,epiHSIC_filtered_corrected,lightGBM_unfiltered_uncorrected,0
209,epiHSIC_filtered_corrected,epiGTBN-Episcan_unfiltered_uncorrected,0
210,plink-LR_filtered_corrected,lightGBM_filtered_corrected,3
211,plink-LR_filtered_corrected,mbmdr-gammaMaxt-lowerOrder_filtered_corrected,0
212,plink-LR_filtered_corrected,epiGTBN-Episcan_filtered_corrected,19
213,plink-LR_filtered_corrected,mbmdr-gammaMaxt_filtered_corrected,248
214,plink-LR_filtered_corrected,epiGTBN-ReliefF_filtered_uncorrected,16
215,plink-LR_filtered_corrected,episcan-notCorrected_filtered_uncorrected,40
216,plink-LR_filtered_corrected,plink-boost_filtered_uncorrected,25
217,plink-LR_filtered_corrected,NNweights_filtered_uncorrected,0
218,plink-LR_filtered_corrected,lightGBM_filtered_uncorrected,2
219,plink-LR_filtered_corrected,epiGTBN-Episcan_filtered_uncorrected,19
220,plink-LR_filtered_corrected,epiGTBN-ReliefF_unfiltered_corrected,2
221,plink-LR_filtered_corrected,episcan_unfiltered_corrected,31
222,plink-LR_filtered_corrected,antEpiSeeker_unfiltered_corrected,1
223,plink-LR_filtered_corrected,plink-linearRegression_unfiltered_corrected,439
224,plink-LR_filtered_corrected,NNweights_unfiltered_corrected,0
225,plink-LR_filtered_corrected,epiHSIC_unfiltered_corrected,4
226,plink-LR_filtered_corrected,lightGBM_unfiltered_corrected,2
227,plink-LR_filtered_corrected,mbmdr-gammaMaxt-lowerOrder_unfiltered_corrected,0
228,plink-LR_filtered_corrected,epiGTBN-Episcan_unfiltered_corrected,21
229,plink-LR_filtered_corrected,mbmdr-gammaMaxt_unfiltered_corrected,212
230,plink-LR_filtered_corrected,epiGTBN-ReliefF_unfiltered_uncorrected,10
231,plink-LR_filtered_corrected,episcan_unfiltered_uncorrected,93
232,plink-LR_filtered_corrected,plink-boost_unfiltered_uncorrected,19
233,plink-LR_filtered_corrected,NNweights_unfiltered_uncorrected,0
234,plink-LR_filtered_corrected,lightGBM_unfiltered_uncorrected,4
235,plink-LR_filtered_corrected,epiGTBN-Episcan_unfiltered_uncorrected,18
236,lightGBM_filtered_corrected,mbmdr-gammaMaxt-lowerOrder_filtered_corrected,5
237,lightGBM_filtered_corrected,epiGTBN-Episcan_filtered_corrected,0
238,lightGBM_filtered_corrected,mbmdr-gammaMaxt_filtered_corrected,4
239,lightGBM_filtered_corrected,epiGTBN-ReliefF_filtered_uncorrected,0
240,lightGBM_filtered_corrected,episcan-notCorrected_filtered_uncorrected,1
241,lightGBM_filtered_corrected,plink-boost_filtered_uncorrected,1
242,lightGBM_filtered_corrected,NNweights_filtered_uncorrected,1
243,lightGBM_filtered_corrected,lightGBM_filtered_uncorrected,69
244,lightGBM_filtered_corrected,epiGTBN-Episcan_filtered_uncorrected,0
245,lightGBM_filtered_corrected,epiGTBN-ReliefF_unfiltered_corrected,0
246,lightGBM_filtered_corrected,episcan_unfiltered_corrected,2
247,lightGBM_filtered_corrected,antEpiSeeker_unfiltered_corrected,1
248,lightGBM_filtered_corrected,plink-linearRegression_unfiltered_corrected,3
249,lightGBM_filtered_corrected,NNweights_unfiltered_corrected,0
250,lightGBM_filtered_corrected,epiHSIC_unfiltered_corrected,0
251,lightGBM_filtered_corrected,lightGBM_unfiltered_corrected,105
252,lightGBM_filtered_corrected,mbmdr-gammaMaxt-lowerOrder_unfiltered_corrected,4
253,lightGBM_filtered_corrected,epiGTBN-Episcan_unfiltered_corrected,0
254,lightGBM_filtered_corrected,mbmdr-gammaMaxt_unfiltered_corrected,4
255,lightGBM_filtered_corrected,epiGTBN-ReliefF_unfiltered_uncorrected,0
256,lightGBM_filtered_corrected,episcan_unfiltered_uncorrected,2
257,lightGBM_filtered_corrected,plink-boost_unfiltered_uncorrected,0
258,lightGBM_filtered_corrected,NNweights_unfiltered_uncorrected,0
259,lightGBM_filtered_corrected,lightGBM_unfiltered_uncorrected,42
260,lightGBM_filtered_corrected,epiGTBN-Episcan_unfiltered_uncorrected,0
261,mbmdr-gammaMaxt-lowerOrder_filtered_corrected,epiGTBN-Episcan_filtered_corrected,0
262,mbmdr-gammaMaxt-lowerOrder_filtered_corrected,mbmdr-gammaMaxt_filtered_corrected,0
263,mbmdr-gammaMaxt-lowerOrder_filtered_corrected,epiGTBN-ReliefF_filtered_uncorrected,0
264,mbmdr-gammaMaxt-lowerOrder_filtered_corrected,episcan-notCorrected_filtered_uncorrected,0
265,mbmdr-gammaMaxt-lowerOrder_filtered_corrected,plink-boost_filtered_uncorrected,1
266,mbmdr-gammaMaxt-lowerOrder_filtered_corrected,NNweights_filtered_uncorrected,1
267,mbmdr-gammaMaxt-lowerOrder_filtered_corrected,lightGBM_filtered_uncorrected,7
268,mbmdr-gammaMaxt-lowerOrder_filtered_corrected,epiGTBN-Episcan_filtered_uncorrected,0
269,mbmdr-gammaMaxt-lowerOrder_filtered_corrected,epiGTBN-ReliefF_unfiltered_corrected,0
270,mbmdr-gammaMaxt-lowerOrder_filtered_corrected,episcan_unfiltered_corrected,0
271,mbmdr-gammaMaxt-lowerOrder_filtered_corrected,antEpiSeeker_unfiltered_corrected,0
272,mbmdr-gammaMaxt-lowerOrder_filtered_corrected,plink-linearRegression_unfiltered_corrected,0
273,mbmdr-gammaMaxt-lowerOrder_filtered_corrected,NNweights_unfiltered_corrected,0
274,mbmdr-gammaMaxt-lowerOrder_filtered_corrected,epiHSIC_unfiltered_corrected,0
275,mbmdr-gammaMaxt-lowerOrder_filtered_corrected,lightGBM_unfiltered_corrected,6
276,mbmdr-gammaMaxt-lowerOrder_filtered_corrected,mbmdr-gammaMaxt-lowerOrder_unfiltered_corrected,196
277,mbmdr-gammaMaxt-lowerOrder_filtered_corrected,epiGTBN-Episcan_unfiltered_corrected,0
278,mbmdr-gammaMaxt-lowerOrder_filtered_corrected,mbmdr-gammaMaxt_unfiltered_corrected,0
279,mbmdr-gammaMaxt-lowerOrder_filtered_corrected,epiGTBN-ReliefF_unfiltered_uncorrected,0
280,mbmdr-gammaMaxt-lowerOrder_filtered_corrected,episcan_unfiltered_uncorrected,0
281,mbmdr-gammaMaxt-lowerOrder_filtered_corrected,plink-boost_unfiltered_uncorrected,0
282,mbmdr-gammaMaxt-lowerOrder_filtered_corrected,NNweights_unfiltered_uncorrected,0
283,mbmdr-gammaMaxt-lowerOrder_filtered_corrected,lightGBM_unfiltered_uncorrected,5
284,mbmdr-gammaMaxt-lowerOrder_filtered_corrected,epiGTBN-Episcan_unfiltered_uncorrected,0
285,epiGTBN-Episcan_filtered_corrected,mbmdr-gammaMaxt_filtered_corrected,17
286,epiGTBN-Episcan_filtered_corrected,epiGTBN-ReliefF_filtered_uncorrected,43
287,epiGTBN-Episcan_filtered_corrected,episcan-notCorrected_filtered_uncorrected,2
288,epiGTBN-Episcan_filtered_corrected,plink-boost_filtered_uncorrected,6
289,epiGTBN-Episcan_filtered_corrected,NNweights_filtered_uncorrected,0
290,epiGTBN-Episcan_filtered_corrected,lightGBM_filtered_uncorrected,0
291,epiGTBN-Episcan_filtered_corrected,epiGTBN-Episcan_filtered_uncorrected,53
292,epiGTBN-Episcan_filtered_corrected,epiGTBN-ReliefF_unfiltered_corrected,3
293,epiGTBN-Episcan_filtered_corrected,episcan_unfiltered_corrected,0
294,epiGTBN-Episcan_filtered_corrected,antEpiSeeker_unfiltered_corrected,0
295,epiGTBN-Episcan_filtered_corrected,plink-linearRegression_unfiltered_corrected,23
296,epiGTBN-Episcan_filtered_corrected,NNweights_unfiltered_corrected,0
297,epiGTBN-Episcan_filtered_corrected,epiHSIC_unfiltered_corrected,0
298,epiGTBN-Episcan_filtered_corrected,lightGBM_unfiltered_corrected,1
299,epiGTBN-Episcan_filtered_corrected,mbmdr-gammaMaxt-lowerOrder_unfiltered_corrected,0
300,epiGTBN-Episcan_filtered_corrected,epiGTBN-Episcan_unfiltered_corrected,87
301,epiGTBN-Episcan_filtered_corrected,mbmdr-gammaMaxt_unfiltered_corrected,22
302,epiGTBN-Episcan_filtered_corrected,epiGTBN-ReliefF_unfiltered_uncorrected,12
303,epiGTBN-Episcan_filtered_corrected,episcan_unfiltered_uncorrected,20
304,epiGTBN-Episcan_filtered_corrected,plink-boost_unfiltered_uncorrected,6
305,epiGTBN-Episcan_filtered_corrected,NNweights_unfiltered_uncorrected,0
306,epiGTBN-Episcan_filtered_corrected,lightGBM_unfiltered_uncorrected,0
307,epiGTBN-Episcan_filtered_corrected,epiGTBN-Episcan_unfiltered_uncorrected,56
308,mbmdr-gammaMaxt_filtered_corrected,epiGTBN-ReliefF_filtered_uncorrected,16
309,mbmdr-gammaMaxt_filtered_corrected,episcan-notCorrected_filtered_uncorrected,51
310,mbmdr-gammaMaxt_filtered_corrected,plink-boost_filtered_uncorrected,21
311,mbmdr-gammaMaxt_filtered_corrected,NNweights_filtered_uncorrected,0
312,mbmdr-gammaMaxt_filtered_corrected,lightGBM_filtered_uncorrected,3
313,mbmdr-gammaMaxt_filtered_corrected,epiGTBN-Episcan_filtered_uncorrected,17
314,mbmdr-gammaMaxt_filtered_corrected,epiGTBN-ReliefF_unfiltered_corrected,2
315,mbmdr-gammaMaxt_filtered_corrected,episcan_unfiltered_corrected,51
316,mbmdr-gammaMaxt_filtered_corrected,antEpiSeeker_unfiltered_corrected,2
317,mbmdr-gammaMaxt_filtered_corrected,plink-linearRegression_unfiltered_corrected,239
318,mbmdr-gammaMaxt_filtered_corrected,NNweights_unfiltered_corrected,0
319,mbmdr-gammaMaxt_filtered_corrected,epiHSIC_unfiltered_corrected,2
320,mbmdr-gammaMaxt_filtered_corrected,lightGBM_unfiltered_corrected,6
321,mbmdr-gammaMaxt_filtered_corrected,mbmdr-gammaMaxt-lowerOrder_unfiltered_corrected,0
322,mbmdr-gammaMaxt_filtered_corrected,epiGTBN-Episcan_unfiltered_corrected,15
323,mbmdr-gammaMaxt_filtered_corrected,mbmdr-gammaMaxt_unfiltered_corrected,394
324,mbmdr-gammaMaxt_filtered_corrected,epiGTBN-ReliefF_unfiltered_uncorrected,8
325,mbmdr-gammaMaxt_filtered_corrected,episcan_unfiltered_uncorrected,119
326,mbmdr-gammaMaxt_filtered_corrected,plink-boost_unfiltered_uncorrected,17
327,mbmdr-gammaMaxt_filtered_corrected,NNweights_unfiltered_uncorrected,0
328,mbmdr-gammaMaxt_filtered_corrected,lightGBM_unfiltered_uncorrected,8
329,mbmdr-gammaMaxt_filtered_corrected,epiGTBN-Episcan_unfiltered_uncorrected,18
330,epiGTBN-ReliefF_filtered_uncorrected,episcan-notCorrected_filtered_uncorrected,0
331,epiGTBN-ReliefF_filtered_uncorrected,plink-boost_filtered_uncorrected,6
332,epiGTBN-ReliefF_filtered_uncorrected,NNweights_filtered_uncorrected,0
333,epiGTBN-ReliefF_filtered_uncorrected,lightGBM_filtered_uncorrected,0
334,epiGTBN-ReliefF_filtered_uncorrected,epiGTBN-Episcan_filtered_uncorrected,50
335,epiGTBN-ReliefF_filtered_uncorrected,epiGTBN-ReliefF_unfiltered_corrected,4
336,epiGTBN-ReliefF_filtered_uncorrected,episcan_unfiltered_corrected,0
337,epiGTBN-ReliefF_filtered_uncorrected,antEpiSeeker_unfiltered_corrected,0
338,epiGTBN-ReliefF_filtered_uncorrected,plink-linearRegression_unfiltered_corrected,15
339,epiGTBN-ReliefF_filtered_uncorrected,NNweights_unfiltered_corrected,0
340,epiGTBN-ReliefF_filtered_uncorrected,epiHSIC_unfiltered_corrected,0
341,epiGTBN-ReliefF_filtered_uncorrected,lightGBM_unfiltered_corrected,1
342,epiGTBN-ReliefF_filtered_uncorrected,mbmdr-gammaMaxt-lowerOrder_unfiltered_corrected,0
343,epiGTBN-ReliefF_filtered_uncorrected,epiGTBN-Episcan_unfiltered_corrected,39
344,epiGTBN-ReliefF_filtered_uncorrected,mbmdr-gammaMaxt_unfiltered_corrected,14
345,epiGTBN-ReliefF_filtered_uncorrected,epiGTBN-ReliefF_unfiltered_uncorrected,9
346,epiGTBN-ReliefF_filtered_uncorrected,episcan_unfiltered_uncorrected,19
347,epiGTBN-ReliefF_filtered_uncorrected,plink-boost_unfiltered_uncorrected,3
348,epiGTBN-ReliefF_filtered_uncorrected,NNweights_unfiltered_uncorrected,0
349,epiGTBN-ReliefF_filtered_uncorrected,lightGBM_unfiltered_uncorrected,0
350,epiGTBN-ReliefF_filtered_uncorrected,epiGTBN-Episcan_unfiltered_uncorrected,52
351,episcan-notCorrected_filtered_uncorrected,plink-boost_filtered_uncorrected,17
352,episcan-notCorrected_filtered_uncorrected,NNweights_filtered_uncorrected,0
353,episcan-notCorrected_filtered_uncorrected,lightGBM_filtered_uncorrected,0
354,episcan-notCorrected_filtered_uncorrected,epiGTBN-Episcan_filtered_uncorrected,3
355,episcan-notCorrected_filtered_uncorrected,epiGTBN-ReliefF_unfiltered_corrected,0
356,episcan-notCorrected_filtered_uncorrected,episcan_unfiltered_corrected,212
357,episcan-notCorrected_filtered_uncorrected,antEpiSeeker_unfiltered_corrected,0
358,episcan-notCorrected_filtered_uncorrected,plink-linearRegression_unfiltered_corrected,38
359,episcan-notCorrected_filtered_uncorrected,NNweights_unfiltered_corrected,0
360,episcan-notCorrected_filtered_uncorrected,epiHSIC_unfiltered_corrected,4
361,episcan-notCorrected_filtered_uncorrected,lightGBM_unfiltered_corrected,0
362,episcan-notCorrected_filtered_uncorrected,mbmdr-gammaMaxt-lowerOrder_unfiltered_corrected,0
363,episcan-notCorrected_filtered_uncorrected,epiGTBN-Episcan_unfiltered_corrected,3
364,episcan-notCorrected_filtered_uncorrected,mbmdr-gammaMaxt_unfiltered_corrected,48
365,episcan-notCorrected_filtered_uncorrected,epiGTBN-ReliefF_unfiltered_uncorrected,0
366,episcan-notCorrected_filtered_uncorrected,episcan_unfiltered_uncorrected,0
367,episcan-notCorrected_filtered_uncorrected,plink-boost_unfiltered_uncorrected,14
368,episcan-notCorrected_filtered_uncorrected,NNweights_unfiltered_uncorrected,0
369,episcan-notCorrected_filtered_uncorrected,lightGBM_unfiltered_uncorrected,2
370,episcan-notCorrected_filtered_uncorrected,epiGTBN-Episcan_unfiltered_uncorrected,2
371,plink-boost_filtered_uncorrected,NNweights_filtered_uncorrected,0
372,plink-boost_filtered_uncorrected,lightGBM_filtered_uncorrected,1
373,plink-boost_filtered_uncorrected,epiGTBN-Episcan_filtered_uncorrected,8
374,plink-boost_filtered_uncorrected,epiGTBN-ReliefF_unfiltered_corrected,0
375,plink-boost_filtered_uncorrected,episcan_unfiltered_corrected,13
376,plink-boost_filtered_uncorrected,antEpiSeeker_unfiltered_corrected,0
377,plink-boost_filtered_uncorrected,plink-linearRegression_unfiltered_corrected,22
378,plink-boost_filtered_uncorrected,NNweights_unfiltered_corrected,0
379,plink-boost_filtered_uncorrected,epiHSIC_unfiltered_corrected,0
380,plink-boost_filtered_uncorrected,lightGBM_unfiltered_corrected,1
381,plink-boost_filtered_uncorrected,mbmdr-gammaMaxt-lowerOrder_unfiltered_corrected,1
382,plink-boost_filtered_uncorrected,epiGTBN-Episcan_unfiltered_corrected,6
383,plink-boost_filtered_uncorrected,mbmdr-gammaMaxt_unfiltered_corrected,17
384,plink-boost_filtered_uncorrected,epiGTBN-ReliefF_unfiltered_uncorrected,1
385,plink-boost_filtered_uncorrected,episcan_unfiltered_uncorrected,42
386,plink-boost_filtered_uncorrected,plink-boost_unfiltered_uncorrected,371
387,plink-boost_filtered_uncorrected,NNweights_unfiltered_uncorrected,0
388,plink-boost_filtered_uncorrected,lightGBM_unfiltered_uncorrected,2
389,plink-boost_filtered_uncorrected,epiGTBN-Episcan_unfiltered_uncorrected,8
390,NNweights_filtered_uncorrected,lightGBM_filtered_uncorrected,1
391,NNweights_filtered_uncorrected,epiGTBN-Episcan_filtered_uncorrected,0
392,NNweights_filtered_uncorrected,epiGTBN-ReliefF_unfiltered_corrected,0
393,NNweights_filtered_uncorrected,episcan_unfiltered_corrected,0
394,NNweights_filtered_uncorrected,antEpiSeeker_unfiltered_corrected,0
395,NNweights_filtered_uncorrected,plink-linearRegression_unfiltered_corrected,0
396,NNweights_filtered_uncorrected,NNweights_unfiltered_corrected,0
397,NNweights_filtered_uncorrected,epiHSIC_unfiltered_corrected,0
398,NNweights_filtered_uncorrected,lightGBM_unfiltered_corrected,1
399,NNweights_filtered_uncorrected,mbmdr-gammaMaxt-lowerOrder_unfiltered_corrected,1
400,NNweights_filtered_uncorrected,epiGTBN-Episcan_unfiltered_corrected,0
401,NNweights_filtered_uncorrected,mbmdr-gammaMaxt_unfiltered_corrected,0
402,NNweights_filtered_uncorrected,epiGTBN-ReliefF_unfiltered_uncorrected,0
403,NNweights_filtered_uncorrected,episcan_unfiltered_uncorrected,1
404,NNweights_filtered_uncorrected,plink-boost_unfiltered_uncorrected,0
405,NNweights_filtered_uncorrected,NNweights_unfiltered_uncorrected,0
406,NNweights_filtered_uncorrected,lightGBM_unfiltered_uncorrected,1
407,NNweights_filtered_uncorrected,epiGTBN-Episcan_unfiltered_uncorrected,0
408,lightGBM_filtered_uncorrected,epiGTBN-Episcan_filtered_uncorrected,0
409,lightGBM_filtered_uncorrected,epiGTBN-ReliefF_unfiltered_corrected,0
410,lightGBM_filtered_uncorrected,episcan_unfiltered_corrected,1
411,lightGBM_filtered_uncorrected,antEpiSeeker_unfiltered_corrected,1
412,lightGBM_filtered_uncorrected,plink-linearRegression_unfiltered_corrected,2
413,lightGBM_filtered_uncorrected,NNweights_unfiltered_corrected,0
414,lightGBM_filtered_uncorrected,epiHSIC_unfiltered_corrected,0
415,lightGBM_filtered_uncorrected,lightGBM_unfiltered_corrected,40
416,lightGBM_filtered_uncorrected,mbmdr-gammaMaxt-lowerOrder_unfiltered_corrected,6
417,lightGBM_filtered_uncorrected,epiGTBN-Episcan_unfiltered_corrected,0
418,lightGBM_filtered_uncorrected,mbmdr-gammaMaxt_unfiltered_corrected,3
419,lightGBM_filtered_uncorrected,epiGTBN-ReliefF_unfiltered_uncorrected,0
420,lightGBM_filtered_uncorrected,episcan_unfiltered_uncorrected,7
421,lightGBM_filtered_uncorrected,plink-boost_unfiltered_uncorrected,0
422,lightGBM_filtered_uncorrected,NNweights_unfiltered_uncorrected,0
423,lightGBM_filtered_uncorrected,lightGBM_unfiltered_uncorrected,102
424,lightGBM_filtered_uncorrected,epiGTBN-Episcan_unfiltered_uncorrected,0
425,epiGTBN-Episcan_filtered_uncorrected,epiGTBN-ReliefF_unfiltered_corrected,3
426,epiGTBN-Episcan_filtered_uncorrected,episcan_unfiltered_corrected,0
427,epiGTBN-Episcan_filtered_uncorrected,antEpiSeeker_unfiltered_corrected,0
428,epiGTBN-Episcan_filtered_uncorrected,plink-linearRegression_unfiltered_corrected,17
429,epiGTBN-Episcan_filtered_uncorrected,NNweights_unfiltered_corrected,0
430,epiGTBN-Episcan_filtered_uncorrected,epiHSIC_unfiltered_corrected,0
431,epiGTBN-Episcan_filtered_uncorrected,lightGBM_unfiltered_corrected,1
432,epiGTBN-Episcan_filtered_uncorrected,mbmdr-gammaMaxt-lowerOrder_unfiltered_corrected,0
433,epiGTBN-Episcan_filtered_uncorrected,epiGTBN-Episcan_unfiltered_corrected,60
434,epiGTBN-Episcan_filtered_uncorrected,mbmdr-gammaMaxt_unfiltered_corrected,15
435,epiGTBN-Episcan_filtered_uncorrected,epiGTBN-ReliefF_unfiltered_uncorrected,9
436,epiGTBN-Episcan_filtered_uncorrected,episcan_unfiltered_uncorrected,25
437,epiGTBN-Episcan_filtered_uncorrected,plink-boost_unfiltered_uncorrected,6
438,epiGTBN-Episcan_filtered_uncorrected,NNweights_unfiltered_uncorrected,0
439,epiGTBN-Episcan_filtered_uncorrected,lightGBM_unfiltered_uncorrected,0
440,epiGTBN-Episcan_filtered_uncorrected,epiGTBN-Episcan_unfiltered_uncorrected,73
441,epiGTBN-ReliefF_unfiltered_corrected,episcan_unfiltered_corrected,0
442,epiGTBN-ReliefF_unfiltered_corrected,antEpiSeeker_unfiltered_corrected,0
443,epiGTBN-ReliefF_unfiltered_corrected,plink-linearRegression_unfiltered_corrected,2
444,epiGTBN-ReliefF_unfiltered_corrected,NNweights_unfiltered_corrected,0
445,epiGTBN-ReliefF_unfiltered_corrected,epiHSIC_unfiltered_corrected,0
446,epiGTBN-ReliefF_unfiltered_corrected,lightGBM_unfiltered_corrected,0
447,epiGTBN-ReliefF_unfiltered_corrected,mbmdr-gammaMaxt-lowerOrder_unfiltered_corrected,0
448,epiGTBN-ReliefF_unfiltered_corrected,epiGTBN-Episcan_unfiltered_corrected,6
449,epiGTBN-ReliefF_unfiltered_corrected,mbmdr-gammaMaxt_unfiltered_corrected,2
450,epiGTBN-ReliefF_unfiltered_corrected,epiGTBN-ReliefF_unfiltered_uncorrected,7
451,epiGTBN-ReliefF_unfiltered_corrected,episcan_unfiltered_uncorrected,1
452,epiGTBN-ReliefF_unfiltered_corrected,plink-boost_unfiltered_uncorrected,0
453,epiGTBN-ReliefF_unfiltered_corrected,NNweights_unfiltered_uncorrected,0
454,epiGTBN-ReliefF_unfiltered_corrected,lightGBM_unfiltered_uncorrected,0
455,epiGTBN-ReliefF_unfiltered_corrected,epiGTBN-Episcan_unfiltered_uncorrected,5
456,episcan_unfiltered_corrected,antEpiSeeker_unfiltered_corrected,1
457,episcan_unfiltered_corrected,plink-linearRegression_unfiltered_corrected,40
458,episcan_unfiltered_corrected,NNweights_unfiltered_corrected,0
459,episcan_unfiltered_corrected,epiHSIC_unfiltered_corrected,3
460,episcan_unfiltered_corrected,lightGBM_unfiltered_corrected,1
461,episcan_unfiltered_corrected,mbmdr-gammaMaxt-lowerOrder_unfiltered_corrected,0
462,episcan_unfiltered_corrected,epiGTBN-Episcan_unfiltered_corrected,0
463,episcan_unfiltered_corrected,mbmdr-gammaMaxt_unfiltered_corrected,62
464,episcan_unfiltered_corrected,epiGTBN-ReliefF_unfiltered_uncorrected,0
465,episcan_unfiltered_corrected,episcan_unfiltered_uncorrected,0
466,episcan_unfiltered_corrected,plink-boost_unfiltered_uncorrected,17
467,episcan_unfiltered_corrected,NNweights_unfiltered_uncorrected,0
468,episcan_unfiltered_corrected,lightGBM_unfiltered_uncorrected,5
469,episcan_unfiltered_corrected,epiGTBN-Episcan_unfiltered_uncorrected,0
470,antEpiSeeker_unfiltered_corrected,plink-linearRegression_unfiltered_corrected,1
471,antEpiSeeker_unfiltered_corrected,NNweights_unfiltered_corrected,0
472,antEpiSeeker_unfiltered_corrected,epiHSIC_unfiltered_corrected,0
473,antEpiSeeker_unfiltered_corrected,lightGBM_unfiltered_corrected,2
474,antEpiSeeker_unfiltered_corrected,mbmdr-gammaMaxt-lowerOrder_unfiltered_corrected,0
475,antEpiSeeker_unfiltered_corrected,epiGTBN-Episcan_unfiltered_corrected,0
476,antEpiSeeker_unfiltered_corrected,mbmdr-gammaMaxt_unfiltered_corrected,3
477,antEpiSeeker_unfiltered_corrected,epiGTBN-ReliefF_unfiltered_uncorrected,0
478,antEpiSeeker_unfiltered_corrected,episcan_unfiltered_uncorrected,2
479,antEpiSeeker_unfiltered_corrected,plink-boost_unfiltered_uncorrected,1
480,antEpiSeeker_unfiltered_corrected,NNweights_unfiltered_uncorrected,0
481,antEpiSeeker_unfiltered_corrected,lightGBM_unfiltered_uncorrected,3
482,antEpiSeeker_unfiltered_corrected,epiGTBN-Episcan_unfiltered_uncorrected,0
483,plink-linearRegression_unfiltered_corrected,NNweights_unfiltered_corrected,0
484,plink-linearRegression_unfiltered_corrected,epiHSIC_unfiltered_corrected,4
485,plink-linearRegression_unfiltered_corrected,lightGBM_unfiltered_corrected,4
486,plink-linearRegression_unfiltered_corrected,mbmdr-gammaMaxt-lowerOrder_unfiltered_corrected,0
487,plink-linearRegression_unfiltered_corrected,epiGTBN-Episcan_unfiltered_corrected,25
488,plink-linearRegression_unfiltered_corrected,mbmdr-gammaMaxt_unfiltered_corrected,243
489,plink-linearRegression_unfiltered_corrected,epiGTBN-ReliefF_unfiltered_uncorrected,10
490,plink-linearRegression_unfiltered_corrected,episcan_unfiltered_uncorrected,97
491,plink-linearRegression_unfiltered_corrected,plink-boost_unfiltered_uncorrected,24
492,plink-linearRegression_unfiltered_corrected,NNweights_unfiltered_uncorrected,0
493,plink-linearRegression_unfiltered_corrected,lightGBM_unfiltered_uncorrected,9
494,plink-linearRegression_unfiltered_corrected,epiGTBN-Episcan_unfiltered_uncorrected,24
495,NNweights_unfiltered_corrected,epiHSIC_unfiltered_corrected,0
496,NNweights_unfiltered_corrected,lightGBM_unfiltered_corrected,0
497,NNweights_unfiltered_corrected,mbmdr-gammaMaxt-lowerOrder_unfiltered_corrected,0
498,NNweights_unfiltered_corrected,epiGTBN-Episcan_unfiltered_corrected,0
499,NNweights_unfiltered_corrected,mbmdr-gammaMaxt_unfiltered_corrected,0
500,NNweights_unfiltered_corrected,epiGTBN-ReliefF_unfiltered_uncorrected,0
501,NNweights_unfiltered_corrected,episcan_unfiltered_uncorrected,0
502,NNweights_unfiltered_corrected,plink-boost_unfiltered_uncorrected,0
503,NNweights_unfiltered_corrected,NNweights_unfiltered_uncorrected,147
504,NNweights_unfiltered_corrected,lightGBM_unfiltered_uncorrected,0
505,NNweights_unfiltered_corrected,epiGTBN-Episcan_unfiltered_uncorrected,0
506,epiHSIC_unfiltered_corrected,lightGBM_unfiltered_corrected,0
507,epiHSIC_unfiltered_corrected,mbmdr-gammaMaxt-lowerOrder_unfiltered_corrected,0
508,epiHSIC_unfiltered_corrected,epiGTBN-Episcan_unfiltered_corrected,0
509,epiHSIC_unfiltered_corrected,mbmdr-gammaMaxt_unfiltered_corrected,1
510,epiHSIC_unfiltered_corrected,epiGTBN-ReliefF_unfiltered_uncorrected,0
511,epiHSIC_unfiltered_corrected,episcan_unfiltered_uncorrected,0
512,epiHSIC_unfiltered_corrected,plink-boost_unfiltered_uncorrected,1
513,epiHSIC_unfiltered_corrected,NNweights_unfiltered_uncorrected,0
514,epiHSIC_unfiltered_corrected,lightGBM_unfiltered_uncorrected,0
515,epiHSIC_unfiltered_corrected,epiGTBN-Episcan_unfiltered_uncorrected,0
516,lightGBM_unfiltered_corrected,mbmdr-gammaMaxt-lowerOrder_unfiltered_corrected,7
517,lightGBM_unfiltered_corrected,epiGTBN-Episcan_unfiltered_corrected,1
518,lightGBM_unfiltered_corrected,mbmdr-gammaMaxt_unfiltered_corrected,11
519,lightGBM_unfiltered_corrected,epiGTBN-ReliefF_unfiltered_uncorrected,0
520,lightGBM_unfiltered_corrected,episcan_unfiltered_uncorrected,6
521,lightGBM_unfiltered_corrected,plink-boost_unfiltered_uncorrected,1
522,lightGBM_unfiltered_corrected,NNweights_unfiltered_uncorrected,0
523,lightGBM_unfiltered_corrected,lightGBM_unfiltered_uncorrected,59
524,lightGBM_unfiltered_corrected,epiGTBN-Episcan_unfiltered_uncorrected,1
525,mbmdr-gammaMaxt-lowerOrder_unfiltered_corrected,epiGTBN-Episcan_unfiltered_corrected,0
526,mbmdr-gammaMaxt-lowerOrder_unfiltered_corrected,mbmdr-gammaMaxt_unfiltered_corrected,0
527,mbmdr-gammaMaxt-lowerOrder_unfiltered_corrected,epiGTBN-ReliefF_unfiltered_uncorrected,0
528,mbmdr-gammaMaxt-lowerOrder_unfiltered_corrected,episcan_unfiltered_uncorrected,0
529,mbmdr-gammaMaxt-lowerOrder_unfiltered_corrected,plink-boost_unfiltered_uncorrected,0
530,mbmdr-gammaMaxt-lowerOrder_unfiltered_corrected,NNweights_unfiltered_uncorrected,0
531,mbmdr-gammaMaxt-lowerOrder_unfiltered_corrected,lightGBM_unfiltered_uncorrected,6
532,mbmdr-gammaMaxt-lowerOrder_unfiltered_corrected,epiGTBN-Episcan_unfiltered_uncorrected,0
533,epiGTBN-Episcan_unfiltered_corrected,mbmdr-gammaMaxt_unfiltered_corrected,23
534,epiGTBN-Episcan_unfiltered_corrected,epiGTBN-ReliefF_unfiltered_uncorrected,17
535,epiGTBN-Episcan_unfiltered_corrected,episcan_unfiltered_uncorrected,23
536,epiGTBN-Episcan_unfiltered_corrected,plink-boost_unfiltered_uncorrected,8
537,epiGTBN-Episcan_unfiltered_corrected,NNweights_unfiltered_uncorrected,0
538,epiGTBN-Episcan_unfiltered_corrected,lightGBM_unfiltered_uncorrected,0
539,epiGTBN-Episcan_unfiltered_corrected,epiGTBN-Episcan_unfiltered_uncorrected,59
540,mbmdr-gammaMaxt_unfiltered_corrected,epiGTBN-ReliefF_unfiltered_uncorrected,10
541,mbmdr-gammaMaxt_unfiltered_corrected,episcan_unfiltered_uncorrected,114
542,mbmdr-gammaMaxt_unfiltered_corrected,plink-boost_unfiltered_uncorrected,24
543,mbmdr-gammaMaxt_unfiltered_corrected,NNweights_unfiltered_uncorrected,0
544,mbmdr-gammaMaxt_unfiltered_corrected,lightGBM_unfiltered_uncorrected,19
545,mbmdr-gammaMaxt_unfiltered_corrected,epiGTBN-Episcan_unfiltered_uncorrected,28
546,epiGTBN-ReliefF_unfiltered_uncorrected,episcan_unfiltered_uncorrected,2
547,epiGTBN-ReliefF_unfiltered_uncorrected,plink-boost_unfiltered_uncorrected,2
548,epiGTBN-ReliefF_unfiltered_uncorrected,NNweights_unfiltered_uncorrected,0
549,epiGTBN-ReliefF_unfiltered_uncorrected,lightGBM_unfiltered_uncorrected,0
550,epiGTBN-ReliefF_unfiltered_uncorrected,epiGTBN-Episcan_unfiltered_uncorrected,9
551,episcan_unfiltered_uncorrected,plink-boost_unfiltered_uncorrected,37
552,episcan_unfiltered_uncorrected,NNweights_unfiltered_uncorrected,0
553,episcan_unfiltered_uncorrected,lightGBM_unfiltered_uncorrected,7
554,episcan_unfiltered_uncorrected,epiGTBN-Episcan_unfiltered_uncorrected,35
555,plink-boost_unfiltered_uncorrected,NNweights_unfiltered_uncorrected,0
556,plink-boost_unfiltered_uncorrected,lightGBM_unfiltered_uncorrected,2
557,plink-boost_unfiltered_uncorrected,epiGTBN-Episcan_unfiltered_uncorrected,6
558,NNweights_unfiltered_uncorrected,lightGBM_unfiltered_uncorrected,0
559,NNweights_unfiltered_uncorrected,epiGTBN-Episcan_unfiltered_uncorrected,0
560,lightGBM_unfiltered_uncorrected,epiGTBN-Episcan_unfiltered_uncorrected,0
